{
    "loss": 12.42296028137207,
    "accuracy": 0.6115108132362366
}