{
    "loss": 16.887483596801758,
    "accuracy": 0.5179855823516846
}