{
    "loss": 2.366915702819824,
    "accuracy": 0.568345308303833
}